{"val_seq_acc":0,"_runtime":98.864471338,"val_token_acc":0.5000659823417664,"_step":0,"epoch":0,"trainer/global_step":0,"_wandb":{"runtime":98},"val_loss":3.7672502994537354,"_timestamp":1.729776362687583e+09}