{"_timestamp":1.7297788431511753e+09,"_wandb":{"runtime":300},"train_token_acc":0.8214402794837952,"_runtime":299.757430639,"val_seq_acc":0,"epoch":8,"val_token_acc":0.8181277513504028,"trainer/global_step":10999,"train_seq_acc":0,"_step":227,"train_loss":0.36203208565711975,"grad_norm":3.0407702922821045,"val_loss":0.3663186728954315}