{"train_token_acc":0.9761513471603394,"val_loss":0.08543059229850769,"val_token_acc":0.9659396409988403,"_wandb":{"runtime":177},"grad_norm":9.182149887084961,"trainer/global_step":19999,"epoch":99,"val_seq_acc":0.21250000596046448,"lr":0.0010000000474974513,"_step":499,"train_loss":0.06282708048820496,"train_seq_acc":0.34375,"_timestamp":1.7296746487559054e+09,"_runtime":177.362167328}